иван,0.9677077308449609,Npmsny
сергей,0.9668244433186968,Npmsny
андрей,0.9655653573486473,Npmsny
александр,0.9654852035527903,Npmsny
николай,0.9654234707602338,Npmsny
владимир,0.9651344102821287,Npmsny
алексей,0.9639758104106511,Npmsny
петр,0.9636573738778975,Npmsny
михаил,0.9635523246790405,Npmsny
виктор,0.9634231309916226,Npmsny
игорь,0.9631392005161099,Npmsny
олег,0.9630723917162425,Npmsny
василий,0.9629262385764572,Npmsny
дмитрий,0.9628917409857092,Npmsny
павел,0.9628218749703903,Npmsny
ольга,0.9625897701197648,Npfsny
сталин,0.962434820712402,Npmsny
юрий,0.9623648811465983,Npmsny
путин,0.9620780975210703,Npmsny
марина,0.9620171748066988,Npfsny
катя,0.9619566757116149,Npfsny
саша,0.9619450070595188,Npcsny
фома,0.9619255586093005,Npmsny
миша,0.9619147535383927,Npmsny
мария,0.9618862268594754,Npfsny
илья,0.9618836334321119,Npmsny
анна,0.9618706660629837,Npfsny
федор,0.9618334907921349,Npmsny
евгений,0.9618123081100038,Npmsny
анатолий,0.9617669131689079,Npmsny
таня,0.961677838829079,Npfsny
нина,0.9615909088747396,Npfsny
сталин,0.9615234288555032,Npmsgy
семен,0.9615065572122949,Npmsny
костя,0.961486656482939,Npmsny
коля,0.9614710813629719,Npmsny
володя,0.961459832317825,Npmsny
наташа,0.9614321411191304,Npfsny
ирина,0.9613893028178273,Npfsny
максим,0.9613685312112166,Npmsny
александр,0.9613512207801058,Npmsgy
лев,0.9613438636379463,Npmsny
татьяна,0.9613062104298833,Npfsny
вера,0.9613027479020233,Npfsny
елена,0.9612932258080624,Npfsny
леонид,0.9612248337259639,Npmsny
антон,0.9612170415395065,Npmsny
владимир,0.9612096821239202,Npmsgy
маша,0.9612088163021233,Npfsny
наталья,0.9611633582334624,Npfsny
путин,0.961139977945257,Npmsgy
григорий,0.9611321842361398,Npmsny
юра,0.9611269883523588,Npmsny
митя,0.9611200604106176,Npmsny
гуров,0.9610901823958273,Npmsny
динка,0.9610893163357588,Npfsny
вася,0.9610871511780319,Npmsny
иван,0.9610854190440783,Npfsny
николай,0.9610148287081377,Npmsgy
ленин,0.96099966977757,Npmsgy
валерий,0.9609905741652462,Npmsny
сергей,0.9609741149539448,Npmsgy
константин,0.9609580882803841,Npmsny
женя,0.9609541898109,Npcsny
никита,0.9609095715013147,Npmsny
андрей,0.9608853110791271,Npmsgy
геннадий,0.960882278431062,Npmsny
георгий,0.9608753465845341,Npmsny
степан,0.960869281128061,Npmsny
михаил,0.9608411189704191,Npmsgy
тамара,0.9608350530358938,Npfsny
настя,0.9608346197516142,Npfsny
савелий,0.9608328866101727,Npmsny
ельцин,0.9608203211278745,Npmsny
светлана,0.9608125216801358,Npfsny
ленин,0.960802988831567,Npmsny
ельцин,0.9608012555638914,Npmsgy
вадим,0.9607960557193591,Npmsny
иванов,0.9607860891766484,Npmsny
лидия,0.9607678888128053,Npfsny
иван,0.9607596550642992,Npmsgy
лизавета,0.9607566215386565,Npfsny
герман,0.9607518545269791,Npmsny
лена,0.9607293188543271,Npfsny
валентина,0.9607254183307306,Npfsny
петр,0.9607154501668256,Npmsgy
яков,0.9607076488354762,Npmsny
катерина,0.9607072154240703,Npfsny
александрович,0.9607063485999601,Npmsny
людмила,0.9606812099481381,Npfsny
кирилл,0.9606768755507509,Npmsny
екатерина,0.9606474005012409,Npfsny
хрущев,0.9606456666125003,Npmsny
лариса,0.9606313617662496,Npfsny
егор,0.9606265933794584,Npmsny
варвара,0.9606252929012475,Npfsny
вид,0.9606213914432482,Npm--y
надежда,0.9606183569516844,Npfsny
данилов,0.9606092533497748,Npmsny
валентин,0.9605971149170442,Npmsny
галина,0.9605923461542192,Npfsny
сережа,0.9605919126277294,Npmsny
вид,0.960591479100807,Npmsly
алла,0.9605810743248373,Npfsny
вайс,0.9605797737103132,Npmsny
сашка,0.9605797737103132,Npmsny
галя,0.9605641660322077,Npfsny
глеб,0.9605606975831216,Npmsny
андрей,0.9605593969075721,Npfsny
петя,0.9605589633481908,Npmsny
евгения,0.9605390191487211,Npfsny
ефим,0.9605372848272209,Npmsny
достоевский,0.9605355504987947,Npmsgy
роман,0.9605329489931695,Npmsny
аня,0.9605277459351682,Npfsny
виктор,0.9605212420250062,Npmsgy
аркадий,0.9605199412312859,Npmsny
надя,0.9605169060307861,Npfsny
марк,0.9605147380174417,Npmsny
ваня,0.9605104019582846,Npmsny
оля,0.9605043314027331,Npfsny
аля,0.9604978271419085,Npfsny
петров,0.9604874201219666,Npmsny
тимофей,0.9604830837900535,Npmsny
петр,0.9604822165184754,Npfsny
николай,0.9604757119264331,Npfsny
алексей,0.9604752782834995,Npmsgy
алеша,0.9604696408859632,Npmsny
лиза,0.9604653043765237,Npfsny
ира,0.9604618351377958,Npfsny
дима,0.9604561975657551,Npmsny
толстый,0.9604444885284473,Npmsny
витя,0.9604405854458578,Npmsny
касьянов,0.9604388507312249,Npmsny
самоделкин,0.9604323454896395,Npmsny
юрий,0.9604310444296291,Npmsgy
валя,0.9604284422979159,Npfsny
виталий,0.960421936900421,Npmsny
гусев,0.9604215032037899,Npmsny
иосиф,0.9604154314054787,Npmsny
леня,0.9604132628855089,Npmsny
толя,0.9604050224108729,Npmsny
иисус,0.9604041549833946,Npmsny
игорь,0.960401552690564,Npmsgy
дмитрий,0.9603989503821406,Npmsgy
вячеслав,0.9603963480581239,Npmsny
кузнецов,0.9603937457185134,Npmsny
павел,0.9603924445428609,Npmsgy
люся,0.9603920108167769,Npfsny
горбачев,0.9603907096359263,Npmsny
рита,0.96038810726253,Npfsny
сталин,0.9603855048735395,Npmsdy
матвей,0.9603798663105629,Npmsny
лида,0.9603750951616337,Npfsny
никитин,0.9603698902121116,Npmsny
сапожников,0.9603690227144601,Npmsny
олег,0.9603672877139582,Npmsgy
дон,0.9603664202111077,Npmsny
гриша,0.9603638176921603,Npmsny
саня,0.9603625164268381,Npmsny
генрих,0.9603620826708639,Npmsny
томас,0.9603612151576164,Npmsny
стас,0.9603534074604094,Npmsny
софья,0.9603473347099816,Npfsny
ленька,0.9603455996228343,Npmsny
иван,0.9603438645287548,Npmsdy
пашка,0.9603438645287548,Npmsny
алена,0.960340394319799,Npfsny
путин,0.9603395267632275,Npmsay
ять,0.9603390929842921,Npmsny
валерия,0.9603304173145926,Npfsny
горький,0.9603286821598553,Npmsgy
андрей,0.9603282483700877,Npmsdy
юля,0.9603252118295833,Npfsny
алик,0.9603239104485817,Npmsny
яковлев,0.960323476654048,Npmsny
андрей,0.9603182710858467,Npmsay
достоевский,0.9603178372856802,Npmsny
гитлер,0.9603139330646817,Npmsny
анна,0.9603139330646817,Npfsgy
алина,0.9603139330646817,Npfsny
евгений,0.9603126316498827,Npmsgy
артем,0.9603108964240836,Npmsny
боря,0.9603100288085842,Npmsny
александр,0.9603091611913519,Npfsny
иоганн,0.9603087273820856,Npmsny
васька,0.9603043892655903,Npmsny
василий,0.9602983158296965,Npfsny
маргарита,0.9602957129025986,Npfsny
василий,0.9602952790798986,Npmsgy
чехов,0.9602939776091994,Npmsgy
сергей,0.9602939776091994,Npfsny
михайло,0.9602922423088671,Npmsny
сергей,0.9602909408290672,Npmsdy
мария,0.9602887716874005,Npfsgy
артур,0.9602874701972,Npmsny
феликс,0.9602835657031967,Npmsny
колька,0.9602826980330956,Npmsny
иван,0.9602800950123909,Npmsay
синцов,0.9602761904520807,Npmsny
орлов,0.9602744550806745,Npmsny
сталин,0.9602740212367396,Npmsay
толстый,0.9602735873923711,Npmsgy
вид,0.9602735873923711,Npmsny
попов,0.9602683812261459,Npmsny
анискин,0.9602666458235349,Npmsny
ксения,0.9602649104139895,Npfsny
ольга,0.9602631749975101,Npfsgy
вика,0.960261873430599,Npfsny
гоша,0.9602597041437462,Npmpgy
александра,0.9602597041437462,Npfsny
зоя,0.9602501591528649,Npfsny
вовка,0.9602501591528649,Npmsny
лев,0.9602484236774389,Npmsgy
нюра,0.9602453865787552,Npfsny
ванька,0.9602449527057808,Npmsny
джон,0.9602449527057808,Npmsny
чубайс,0.9602414817063822,Npmsny
николай,0.9602414817063822,Npmsdy
штирлица,0.96023931231767,Npmsny
иван,0.9602388784386275,Npmsiy
путин,0.9602367090369119,Npmsdy
анатолий,0.9602345396243597,Npmsgy
кузьма,0.9602302007667443,Npmsny
руслан,0.9602302007667443,Npmsny
кира,0.9602275974313681,Npfsny
юлия,0.9602271635406217,Npfsny
служкин,0.9602241262932583,Npmsny
александр,0.9602236923990435,Npmsiy
хрущев,0.9602215229214686,Npmsgy
сергей,0.9602202212297217,Npmsiy
полина,0.9602197873316056,Npfsny
владимир,0.9602193534330561,Npmsiy
ломакин,0.9602176178345232,Npmsny
чехов,0.9602171839338061,Npmsny
витька,0.9602137127124637,Npmsny
гарри,0.9602124109973076,Npmsvy
виктория,0.9602119770913884,Npfsny
васильев,0.9602106753710298,Npmsny
касьянов,0.9602080719186072,Npmsgy
александр,0.9602076380083533,Npmsdy
зинаида,0.9602059023630001,Npfsny
жан,0.9602037327965549,Npmsny
мышкин,0.9602028649669423,Npmsny
мао,0.9602024310514854,Npmsvy
серега,0.9602011293025137,Npmsny
зюганов,0.9602002614676985,Npmsny
зина,0.9601998275496406,Npfsny
оксана,0.960198959712224,Npfsny
клавдия,0.9601980918730733,Npfsny
леша,0.9601976579528473,Npmsny
березовский,0.9601972240321883,Npmsny
лужков,0.9601972240321883,Npmsny
варя,0.9601963561895688,Npfsny
димка,0.960195054422389,Npmsny
аглая,0.9601941865754338,Npfsny
берия,0.9601941865754338,Npmsny
иисус,0.9601928848017502,Npmsgy
женька,0.9601920169504603,Npcsny
лина,0.9601920169504603,Npfsny
эдуард,0.9601907151702731,Npmsny
иоанн,0.9601885455279571,Npmsgy
владимир,0.9601881115981934,Npmsdy
федор,0.9601876776679954,Npmsgy
клава,0.9601868098062996,Npfsny
брежнев,0.9601855080105044,Npmsny
чонкин,0.9601837722767073,Npmsny
смирнов,0.9601816025997056,Npmsny
иоанн,0.9601811686630048,Npmsny
инк,0.9601811686630048,Npfsny
николай,0.9601798668502997,Npmsiy
иванов,0.9601794329118643,Npmsgy
федя,0.9601755274464341,Npmsny
шура,0.9601724898379298,Npcsny
генка,0.9601720558921234,Npmsny
сталин,0.9601716219458831,Npmsiy
андрей,0.9601716219458831,Npmsiy
сергей,0.9601685843100625,Npmsay
макс,0.9601681503603534,Npmsny
петька,0.960166414557182,Npmsny
елизавета,0.9601642447934613,Npfsny
ахматов,0.9601638108394162,Npfsgy
афанасий,0.9601607731489601,Npmsny
тим,0.9601607731489601,Npmsny
горбачев,0.9601603391914462,Npmsgy
медведев,0.9601603391914462,Npmsny
давид,0.9601599052334988,Npmsny
ян,0.9601599052334988,Npmsny
инна,0.9601568675157246,Npfsny
буш,0.9601568675157246,Npmsny
слава,0.9601520939162933,Npmsny
дина,0.9601477542349146,Npfsny
молотов,0.9601468862934355,Npmsny
ахматов,0.9601460183502208,Npfsny
николай,0.9601421125842919,Npmsay
ленка,0.960141678608132,Npfsny
елена,0.9601412446315378,Npfsgy
страхов,0.9601408106545102,Npmsny
веня,0.9601399426991537,Npmsny
станислав,0.9601399426991537,Npmsny
монах,0.9601390747420626,Npmsny
петр,0.9601382067832369,Npmsdy
платон,0.9601382067832369,Npmsny
маня,0.9601377728031735,Npfsny
бруно,0.9601377728031735,Npmsvy
сеня,0.9601373388226766,Npmsny
константин,0.9601356028963517,Npmsgy
ходорковский,0.9601351689136868,Npmsny
вид,0.9601351689136868,Npmsdy
гена,0.9601343009470549,Npmsny
спартак,0.9601334329786884,Npmsny
волков,0.9601325650085872,Npmsny
гитлер,0.9601308290631807,Npmsgy
Жильцов,0.9601299610878757,Npm--y
михаил,0.960127791142023,Npmsiy
валера,0.9601273571515514,Npmsny
павло,0.960126923160646,Npfsny
жора,0.960126923160646,Npmsny
дарья,0.9601260551775344,Npfsny
лукашенко,0.9601251871926881,Npcsvy
григорий,0.9601247531996142,Npmsgy
владимир,0.9601243192061073,Npfsny
маяковский,0.9601238852121661,Npmsgy
олексин,0.960123451217791,Npmsny
марина,0.9601225832277405,Npfsgy
путин,0.9601208472424347,Npmsiy
гога,0.9601208472424347,Npmsny
татьяна,0.9601186772510442,Npfsgy
леонид,0.9601173752510057,Npmsgy
антонина,0.960115639244882,Npfsny
станиславский,0.9601152052422672,Npmsgy
ирина,0.9601152052422672,Npfsgy
михаил,0.9601147712392182,Npmsdy
забелин,0.9601147712392182,Npmsny
потапов,0.9601134692274695,Npmsny
денис,0.9601130352226859,Npmsny
ася,0.9601117332057321,Npfsny
георгий,0.9601112991992138,Npmsgy
карл,0.9601104311848752,Npmsny
илья,0.9601104311848752,Npmsgy
алексей,0.9601082611414395,Npfsny
филипп,0.9601065250988836,Npmsny
жириновский,0.9601060910871602,Npmsny
лебедев,0.9601060910871602,Npmsny
маруся,0.9601043550359298,Npfsny
жуков,0.9601043550359298,Npmsny
юрка,0.9601043550359298,Npmsny
пастернак,0.9601039210220379,Npmsny
мартин,0.9601026189777597,Npmsny
горький,0.9600995808592634,Npmsny
ольга,0.9600995808592634,Npfsay
миронов,0.9600987128215035,Npmsny
александров,0.9600974107616107,Npmsny
немцов,0.960096976740779,Npmsny
Виктор,0.960096976740779,Npmsny
соня,0.9600961086978139,Npfsny
соколов,0.9600961086978139,Npmsny
жанна,0.9600952406531142,Npfsny
маяковский,0.9600943726066795,Npmsny
ефремов,0.9600939385828111,Npmsny
нелли,0.9600935045585097,Npfsvy
алексий,0.9600930705337745,Npmsny
маркс,0.9600926365086053,Npmsgy
чайковский,0.9600926365086053,Npmsgy
паша,0.9600922024830019,Npmsny
анна,0.9600909004035905,Npfsay
степан,0.9600909004035905,Npfsny
алексей,0.960090466376252,Npmsdy
лева,0.960090466376252,Npmsny
чарли,0.960090466376252,Npmsvy
вадим,0.9600895983202746,Npmsgy
марат,0.9600891642916354,Npmsny
валерий,0.9600882962330557,Npmsgy
Александр,0.9600874281727401,Npmsny
наташка,0.9600869941419319,Npfsny
наташа,0.9600869941419319,Npfsgy
тоня,0.9600869941419319,Npfsny
иосиф,0.9600861260790143,Npmsgy
женя,0.9600861260790143,Npmsny
антоний,0.960085692046905,Npmsny
фома,0.9600852580143613,Npmsgy
явлинский,0.9600852580143613,Npmsny
нина,0.9600848239813846,Npfsgy
александр,0.9600848239813846,Npmsay
борис,0.9657920224954193,Np
серафим,0.9600843899479741,Npmsny
джордж,0.9600839559141292,Npmsny
леночка,0.9600839559141292,Npfsny
ерофеев,0.9600839559141292,Npmsny
леха,0.9600835218798509,Npmsny
Сталин,0.9600826538099931,Npm--y
гирин,0.9600826538099931,Npmsny
бунин,0.9600813517019526,Npmsny
петр,0.9600800495900081,Npmsiy
федоров,0.9600796155518254,Npmsny
олег,0.9600791815132093,Npmsdy
гавриил,0.9600787474741597,Npmsny
игорь,0.9600787474741597,Npmsay
чубайс,0.9600783134346762,Npmsgy
эда,0.9600783134346762,Npmsny
марк,0.9600783134346762,Npmsgy
солженицын,0.960075709188664,Npmsny
яковлев,0.9600752751461439,Npmsgy
степанида,0.960074407059802,Npfsny
анти,0.9600739730159806,Npmsvy
антон,0.9600735389717254,Npmsgy
шурка,0.960072670881913,Npcsny
вера,0.9600713687439413,Npfsgy
герман,0.9600709346970833,Npmsgy
мейерхольд,0.9600709346970833,Npmsgy
савва,0.9600705006497909,Npmsny
морозов,0.9600700666020652,Npmsny
гоша,0.9600700666020652,Npmsny
анастасия,0.9600700666020652,Npfsny
олег,0.9600700666020652,Npmsay
моисей,0.9600691985053125,Npmsny
эдик,0.9600687644562855,Npmsny
роберт,0.9600678963569296,Npmsny
громыко,0.960067462306601,Npcsvy
зубов,0.960066160153012,Npmsny
семен,0.960066160153012,Npfsny
сан,0.960066160153012,Npmsny
шекспир,0.9600657261009484,Npmsgy
адам,0.9600652920484505,Npmsny
ева,0.9600652920484505,Npfsny
танька,0.9600648579955191,Npfsny
Николай,0.9600644239421543,Npmsny
Петр,0.9600644239421543,Npm--y
мария,0.9600631217794553,Npfsay
раиса,0.9600631217794553,Npfsny
девяткин,0.9600631217794553,Npmsny
фадеев,0.9600631217794553,Npmsny
блок,0.960062687724355,Npmsny
нинка,0.9600618196128523,Npfsny
захар,0.9600618196128523,Npmsny
ольга,0.9600618196128523,Npfsdy
вова,0.9600618196128523,Npmsny
екатерина,0.960060951499615,Npfsgy
лукин,0.9600600833846418,Npmsny
любовь,0.9600596493265043,Npfsny
андреев,0.9600592152679335,Npmsny
мик,0.9600587812089283,Npmsny
гоголь,0.9600583471494897,Npmsgy
свет,0.9600570449685706,Npmsny
виктор,0.9600566109073965,Npmsdy
Александр,0.9600566109073965,Npm--y
алиса,0.9600557427837471,Npfsny
наполеон,0.9600553087212718,Npmsny
любимов,0.9600553087212718,Npmsny
игорь,0.9600548746583621,Npmsdy
саша,0.9600548746583621,Npcsgy
николаев,0.9600544405950191,Npmsny
роза,0.9600540065312422,Npfsny
мила,0.9600531384023867,Npfsny
нонна,0.9600527043373082,Npfsny
эфрос,0.9600527043373082,Npmsny
сима,0.9600518362058494,Npfsny
мейерхольд,0.9600509680726557,Npmsny
буш,0.9600509680726557,Npmsgy
настенек,0.960049231801062,Npfsny
федор,0.960049231801062,Npfsny
даша,0.9600487977320786,Npfsny
глазьев,0.9600483636626618,Npmsny
хальдор,0.9600474955225264,Npmsny
кеннеди,0.9600466273806556,Npcsvy
петров,0.9600466273806556,Npmsgy
наташа,0.9600457592370497,Npfsay
березовский,0.9600453251645957,Npmsgy
катя,0.9600453251645957,Npfsgy
бусыгин,0.9600444570183866,Npmsny
евтушенко,0.960044022944631,Npcsvy
андрюша,0.9600431547958186,Npmsny
светка,0.9600414184929877,Npfsny
бродский,0.9600405503389688,Npmsny
грызлов,0.9600401162613088,Npmsny
ельцин,0.9600392481046871,Npmsdy
ашхен,0.9600392481046871,Npfsvy
тима,0.9600388140257254,Npmsny
сорин,0.9600388140257254,Npmsny
данченко,0.9600388140257254,Npcsvy
алексей,0.9600388140257254,Npmsiy
гете,0.9600383799463299,Npcsvy
ключарев,0.9600379458665005,Npmsny
наташа,0.9600375117862372,Npfsiy
бурденко,0.9600362095428441,Npcsvy
митька,0.9600357754608453,Npmsny
игорь,0.9600353413784126,Npmsiy
света,0.9600349072955461,Npfsny
владислав,0.9600344732122457,Npmsny
леонардо,0.9600344732122457,Npmsvy
марина,0.9600331709597412,Npfsay
андрюха,0.9600331709597412,Npmsny
наталья,0.9600331709597412,Npfsgy
михайло,0.9600327368747057,Npfsny
леля,0.9600327368747057,Npfsny
геннадий,0.9600318687033322,Npmsgy
виктор,0.9600310005302233,Npmsiy
кадыров,0.9600310005302233,Npmsny
анна,0.9600310005302233,Npfsdy
катя,0.960030566443018,Npfsay
сталин,0.960030566443018,Npmsly
солженицын,0.960030566443018,Npmsgy
маркс,0.9600301323553788,Npmsny
фомин,0.9600296982673058,Npmsny
дмитрий,0.9600292641787989,Npfsny
кудрин,0.9600288300898581,Npmsny
тихон,0.9600283960004834,Npmsny
симонов,0.9600279619106749,Npmsny
матюшин,0.9600275278204324,Npmsny
владимир,0.960026659638646,Npmsay
суханов,0.960026659638646,Npmsny
гаврила,0.960026659638646,Npmsny
егоров,0.960026659638646,Npmsny
брежнев,0.9600262255471015,Npmsgy
валька,0.960025791455124,Npmsny
фома,0.960025791455124,Npmsay
Сахаров,0.960025791455124,Npm--y
таня,0.9600253573627122,Npfsay
михаил,0.9600249232698661,Npmsay
арнольд,0.9600249232698661,Npmsny
василий,0.9600249232698661,Npmsdy
люда,0.9600249232698661,Npfsny
ксюша,0.9600244891765866,Npfsny
шурик,0.9600240550828727,Npmsny
ганин,0.9600236209887254,Npmsny
некрасов,0.9600236209887254,Npmsny
мандельштам,0.9600227527991287,Npmsny
дэвид,0.9600223187036798,Npmsny
люська,0.9600223187036798,Npfsny
осип,0.9600218846077966,Npmsny
тов,0.9600218846077966,Npmsny
виктор,0.9600214505114795,Npmsay
свет,0.9600214505114795,Npm--y
греф,0.9600205823175445,Npmsny
пугачев,0.9600201482199258,Npfsny
булгаков,0.9600201482199258,Npmsny
матвиенко,0.9600197141218731,Npcsvy
пьер,0.9600197141218731,Npmsny
ирк,0.9600192800233867,Npfsny
юрий,0.9600192800233867,Npmsiy
шевченко,0.9600192800233867,Npcsvy
альберт,0.9600188459244663,Npmsny
ромео,0.9600179777253239,Npmsvy
есенин,0.9600175436251019,Npmsny
майкл,0.9600171095244456,Npmsny
андропов,0.9600171095244456,Npmsny
миша,0.9600166754233563,Npmsay
саша,0.9600166754233563,Npcsay
кузнецов,0.9600162413218323,Npfsny
чапаев,0.9600158072198743,Npmsny
козлов,0.9600149390146573,Npmsny
павлов,0.9600145049113982,Npmsny
лиля,0.9600145049113982,Npfsny
селезнев,0.9600140708077047,Npmsny
кольцов,0.9600140708077047,Npmsny
семенов,0.9600136367035774,Npmsny
титов,0.9600132025990162,Npmsny
всеволод,0.9600132025990162,Npmsny
булгаков,0.9600132025990162,Npmsgy
иванов,0.9600127684940212,Npfsny
вид,0.9600127684940212,Npmpny
лебедев,0.9600127684940212,Npmsgy
шахов,0.9600127684940212,Npmsny
игнатий,0.9600127684940212,Npmsny
баклаков,0.9600123343885922,Npmsny
ольга,0.9600123343885922,Npfsiy
франц,0.9600119002827294,Npmsny
вениамин,0.9600114661764323,Npmsny
олег,0.9600114661764323,Npmsiy
кадыров,0.9600114661764323,Npmsgy
валентин,0.9600110320697017,Npmsgy
новиков,0.9600110320697017,Npmsny
эфрос,0.9600110320697017,Npmsgy
нина,0.9600105979625373,Npfsdy
ника,0.9600097297469059,Npfsny
нина,0.9600092956384398,Npfsay
шойгу,0.9600092956384398,Npcsvy
лука,0.960008861529539,Npmsny
Достоевский,0.960008861529539,Npm--y
соловьев,0.9600079933104366,Npmsny
моисеев,0.9600079933104366,Npmsny
майя,0.9600075592002346,Npfsny
макаров,0.9600071250895987,Npmsny
юрий,0.9600066909785285,Npfsny
костя,0.9600062568670249,Npmsay
валя,0.9600062568670249,Npcsny
дмитрий,0.960005822755087,Npmsdy
вовочка,0.9600053886427151,Npmsny
михайлов,0.9600053886427151,Npmsny
юлий,0.9600053886427151,Npmsny
гамлет,0.9600049545299094,Npmsny
максим,0.9600049545299094,Npmsgy
анна,0.9600049545299094,Npfsiy
шумахер,0.9600049545299094,Npmsny
алехин,0.9600045204166698,Npmsny
алма,0.9600045204166698,Npfsny
карина,0.9600040863029964,Npfsny
попов,0.9600040863029964,Npmsgy
черненко,0.9600036521888886,Npcsvy
таня,0.9600036521888886,Npfsgy
Иван,0.9600032180743474,Npmsny
скуляев,0.9600032180743474,Npmsny
бессонов,0.9600032180743474,Npmsny
васильев,0.9600027839593719,Npmsgy
скобелев,0.9600023498439629,Npmsny
вальтер,0.9600023498439629,Npmsny
дмитрий,0.9600019157281192,Npmsay
вилли,0.9600019157281192,Npmsvy
поля,0.9600014816118425,Npfsny
никита,0.9600006133779861,Npmsgy
ходорковский,0.9600006133779861,Npmsgy
коста,0.9600006133779861,Npmsny
шеварднадзе,0.9600001792604069,Npcsvy
ричард,0.9599988769050665,Npmsny
медея,0.9599988769050665,Npfsny
аким,0.9599988769050665,Npmsny
высоцкий,0.9599984427857517,Npmsny
рюрик,0.9599980086660032,Npmsny
анджела,0.9599980086660032,Npfsny
виноградов,0.9599975745458202,Npmsny
колесников,0.9599975745458202,Npmsny
павел,0.9599971404252039,Npmsdy
санька,0.9599971404252039,Npmsny
василий,0.9599971404252039,Npmsiy
колесов,0.9599967063041532,Npmsny
жуан,0.9599958380607503,Npmsny
мария,0.9599958380607503,Npfsdy
Петр,0.959995403938398,Npmsny
лермонтов,0.959995403938398,Npmsgy
колять,0.959995403938398,Npmsny
полынов,0.959995403938398,Npmsny
голубев,0.9599949698156114,Npmsny
данте,0.959994101568737,Npcsvy
кирилл,0.959994101568737,Npmsgy
ким,0.9599936674446488,Npmsny
гайдар,0.9599936674446488,Npmsny
филиппов,0.9599932333201266,Npmsny
фома,0.9599932333201266,Npmsdy
думчев,0.9599932333201266,Npmsny
пикассо,0.9599932333201266,Npcsvy
малян,0.9599927991951707,Npmpgy
леа,0.9599927991951707,Npfsvy
вероника,0.9599927991951707,Npfsny
лаврентий,0.9599923650697804,Npmsny
леонтьев,0.9599923650697804,Npmsny
тамара,0.9599923650697804,Npfsgy
довлатов,0.9599923650697804,Npmsny
малинин,0.9599919309439566,Npmsny
гуревич,0.9599919309439566,Npmsny
абрам,0.9599919309439566,Npmsny
коля,0.9599919309439566,Npmsay
шолохов,0.9599919309439566,Npmsny
ленин,0.9599914968176986,Npmsay
марина,0.9599914968176986,Npfsdy
тимур,0.9599910626910062,Npmsny
ильин,0.9599910626910062,Npmsny
ницше,0.9599901944363207,Npcsvy
володя,0.9599901944363207,Npmsay
федор,0.9599897603083267,Npmsay
голев,0.9599897603083267,Npmsny
исаак,0.9599897603083267,Npmsny
маша,0.9599897603083267,Npfsay
шекспир,0.9599888920510375,Npmsny
поль,0.9599888920510375,Npmsny
африкан,0.9599888920510375,Npmsny
юрий,0.9599884579217419,Npmsdy
киров,0.959988023792012,Npmsgy
карл,0.959988023792012,Npmsgy
степанов,0.959988023792012,Npmsny
джон,0.9599875896618486,Npmsgy
шукшин,0.9599875896618486,Npmsny
белов,0.9599871555312509,Npmsny
фил,0.9599867214002193,Npmsny
грачев,0.9599867214002193,Npmsny
клара,0.9599867214002193,Npfsny
лужков,0.9599862872687539,Npmsgy
сергеев,0.9599862872687539,Npmsny
шамиль,0.9599862872687539,Npmsny
каганович,0.9599862872687539,Npmsny
таня,0.9599858531368546,Npfsdy
греф,0.9599858531368546,Npmsgy
виктор,0.9599854190045205,Npfsny
лермонтов,0.9599854190045205,Npmsny
севастьянов,0.9599854190045205,Npmsny
яша,0.9599854190045205,Npmsny
кириенко,0.9599854190045205,Npcsvy
шварц,0.9599849848717534,Npmsny
мюллер,0.9599849848717534,Npmsny
тарас,0.9599849848717534,Npmsny
шувалов,0.9599845507385516,Npmsny
генри,0.9599845507385516,Npmsvy
саша,0.9599845507385516,Npcsiy
володя,0.9599845507385516,Npmsgy
володька,0.9599845507385516,Npmsny
станиславский,0.9599841166049163,Npmsny
давид,0.9599836824708472,Npmsgy
ковалев,0.9599836824708472,Npmsny
зайцев,0.9599832483363437,Npmsny
наташа,0.9599828142014064,Npfsdy
машка,0.9599828142014064,Npfsny
алла,0.9599823800660352,Npfsgy
карпов,0.9599819459302301,Npmsny
митрохин,0.9599815117939907,Npmsny
миша,0.9599815117939907,Npmsiy
орджоникидзе,0.9599810776573174,Npcsvy
алексеев,0.9599802093826693,Npmsny
молотов,0.9599802093826693,Npmsgy
фоменко,0.9599793411062851,Npcsvy
петр,0.9599793411062851,Npmsay
зюганов,0.9599789069674416,Npmsgy
михаэль,0.9599784728281646,Npmsny
яков,0.9599784728281646,Npmsgy
глеб,0.9599784728281646,Npmsgy
поляков,0.9599780386884533,Npmsny
отелло,0.9599780386884533,Npmsvy
ли,0.9599780386884533,Npmsny
коля,0.9599780386884533,Npmsgy
анатолий,0.9599780386884533,Npfsny
лия,0.9599776045483086,Npfsny
семен,0.9599771704077296,Npmsgy
нюрк,0.9599771704077296,Npfsny
сандра,0.9599771704077296,Npfsny
киселев,0.9599767362667162,Npmsny
третьяков,0.9599767362667162,Npmsny
марина,0.9599763021252694,Npfsiy
володин,0.9599763021252694,Npmsny
панин,0.9599763021252694,Npmsny
островский,0.9599758679833883,Npmsgy
сахаров,0.9599758679833883,Npmsny
карамзин,0.9599754338410733,Npmsny
соломон,0.9599754338410733,Npmsny
серго,0.959974999698324,Npmsny
дик,0.959974999698324,Npmsny
ленин,0.9599745655551413,Npmsiy
сильва,0.9599745655551413,Npfsny
франко,0.9599741314115242,Npcsvy
вася,0.9599741314115242,Npmsay
миша,0.9599741314115242,Npmsgy
высоцкий,0.9599741314115242,Npmsgy
федор,0.9599741314115242,Npmsdy
марков,0.9599736972674733,Npmsny
ковалев,0.959973263122988,Npfsny
старшов,0.959973263122988,Npmsny
эмма,0.959973263122988,Npfsny
тихонов,0.959973263122988,Npmsny
черчилль,0.959973263122988,Npmsny
валя,0.9599728289780693,Npmsny
ворошилов,0.9599728289780693,Npmsny
шостакович,0.9599728289780693,Npmsgy
бродский,0.9599723948327163,Npmsgy
казакевич,0.9599723948327163,Npmsny
григорьев,0.9599723948327163,Npmsny
настя,0.9599723948327163,Npfsay
женя,0.9599723948327163,Npfsny
давыдов,0.9599723948327163,Npmsny
костя,0.9599719606869295,Npmsgy
люся,0.9599719606869295,Npfsgy
том,0.9599715265407083,Npmsny
жорж,0.9599715265407083,Npmsny
самойлов,0.9599715265407083,Npmsny
жуков,0.9599710923940532,Npmsgy
ломоносов,0.9599710923940532,Npmsgy
рудольф,0.9599710923940532,Npmsny
ванечка,0.9599710923940532,Npmsny
данилов,0.9599710923940532,Npfsny
павел,0.9599710923940532,Npmsiy
ганна,0.9599710923940532,Npfsny
Сталин,0.9599706582469647,Npmsny
алексий,0.9599706582469647,Npmsgy
анечка,0.9599706582469647,Npfsny
аркадий,0.9599702240994414,Npmsgy
боб,0.9599702240994414,Npmsny
черная,0.9599697899514843,Npf--y
твардовский,0.9599697899514843,Npmsny
Николаевич,0.9599697899514843,Npmsny
сальери,0.9599697899514843,Npcsvy
захаров,0.9599697899514843,Npmsny
светлана,0.9599693558030933,Npfsgy
александрович,0.9599693558030933,Npmsgy
наум,0.9599693558030933,Npmsny
каспаров,0.9599693558030933,Npmsny
пономарев,0.9599693558030933,Npmsny
бунин,0.9599693558030933,Npmsgy
троцкий,0.9599689216542684,Npmsny
есенин,0.9599689216542684,Npmsgy
сэм,0.9599684875050096,Npmsny
гоша,0.9599684875050096,Npmpay
джулия,0.9599684875050096,Npfsny
князев,0.9599680533553165,Npmsny
катя,0.9599680533553165,Npfsiy
билл,0.9599680533553165,Npmsny
Иван,0.9599680533553165,Npm--y
лариса,0.9599680533553165,Npfsgy
славик,0.9599680533553165,Npmsny
коваленко,0.9599676192051896,Npcsvy
быков,0.9599676192051896,Npmsny
крюков,0.9599676192051896,Npmsny
анюта,0.9599676192051896,Npfsny
ельцин,0.9599671850546283,Npmsiy
дмитриев,0.9599671850546283,Npmsny
моцарт,0.9599671850546283,Npmsny
маша,0.9599671850546283,Npfsgy
коста,0.9599667509036336,Npmsdy
диана,0.9599663167522046,Npfsny
анатолий,0.9599663167522046,Npmsiy
зощенко,0.9599658826003417,Npcsvy
людмила,0.9599658826003417,Npfsgy
моцарт,0.9599654484480444,Npmsgy
володя,0.9599654484480444,Npmsdy
гагарин,0.9599654484480444,Npmsgy
цветаев,0.9599650142953133,Npfsgy
вася,0.9599637118345163,Npmsgy
фаина,0.9599637118345163,Npfsny
мандельштам,0.9599637118345163,Npmsgy
валиев,0.9599637118345163,Npmsny
павел,0.9599632776800489,Npmsay
тургенев,0.9599632776800489,Npmsny
устинов,0.9599632776800489,Npmsny
гайдар,0.9599628435251479,Npmsgy
ицхак,0.9599628435251479,Npmsny
галина,0.9599628435251479,Npfsgy
илья,0.9599624093698131,Npmsdy
катя,0.9599624093698131,Npfsdy
питер,0.9599624093698131,Npmsny
качалов,0.959961975214044,Npmsny
платон,0.9599615410578406,Npmsgy
митя,0.9599615410578406,Npmsay
рая,0.9599615410578406,Npfsny
глаша,0.9599615410578406,Npfsny
ли,0.9599615410578406,Npmsvy
генрих,0.9599615410578406,Npmsgy
колобашкин,0.9599611069012037,Npmsny
сева,0.9599611069012037,Npmsny
вера,0.9599611069012037,Npfsay
алексей,0.9599606727441321,Npmsay
лешка,0.9599606727441321,Npmsny
трофим,0.959960238586627,Npmsny
черномырдин,0.959960238586627,Npmsny
луи,0.959960238586627,Npmsvy
лапшин,0.959960238586627,Npmsny
юсуф,0.959960238586627,Npmsny
илья,0.959960238586627,Npmsiy
миша,0.9599598044286877,Npmsdy
лазарь,0.9599598044286877,Npmsny
шолохов,0.9599598044286877,Npmsgy
сати,0.9599593702703149,Npfsvy
лидия,0.9599593702703149,Npfsgy
барбара,0.9599593702703149,Npfsny
дитрих,0.9599593702703149,Npmsny
джо,0.9599593702703149,Npmsvy
климов,0.9599593702703149,Npmsny
рэдрик,0.9599589361115073,Npmsny
Леонтьев,0.9599585019522658,Npm--y
лолита,0.9599585019522658,Npfsny
родион,0.9599580677925905,Npmsny
борька,0.9599580677925905,Npmsny
михалев,0.9599580677925905,Npmsny
валерка,0.9599580677925905,Npmsny
ленин,0.9599576336324813,Npmsdy
мария,0.9599576336324813,Npfsiy
саша,0.9599576336324813,Npcsdy
джакомо,0.9599571994719378,Npmsvy
жак,0.9599571994719378,Npmsny
некрасов,0.9599571994719378,Npmsgy
иннокентий,0.9599571994719378,Npmsny
арсений,0.9599567653109604,Npmsny
константин,0.9599567653109604,Npfsny
кузя,0.9599567653109604,Npmsny
Николай,0.9599567653109604,Npm--y
евгений,0.9599567653109604,Npmsiy
воробьев,0.9599563311495491,Npmsny
сорокин,0.9599563311495491,Npmsny
хрущев,0.9599563311495491,Npmsdy
григорий,0.959955896987704,Npfsny
лавров,0.959955896987704,Npmsny
отто,0.959955896987704,Npmsvy
миллер,0.959955896987704,Npmsny
гагарин,0.9599554628254241,Npmsny
дмитрий,0.9599554628254241,Npmsiy
алька,0.9599554628254241,Npmsny
троцкий,0.9599550286627108,Npmsgy
цветков,0.9599550286627108,Npmsny
Карамзин,0.9599545944995631,Npmsny
филатов,0.9599545944995631,Npmsny
свет,0.9599545944995631,Npmsly
эдди,0.9599541603359816,Npmsvy
антонио,0.9599515553453775,Npmsvy
евгений,0.9599515553453775,Npmsdy
сергий,0.9599515553453775,Npmsgy
софья,0.9599511211787575,Npfsgy
клим,0.9599506870117036,Npmsny
иисус,0.9599506870117036,Npmsay
борман,0.9599506870117036,Npmsny
вячеслав,0.9599506870117036,Npmsgy
пугачев,0.9599506870117036,Npfsgy
сашка,0.9599502528442154,Npmsay
чернов,0.9599502528442154,Npmsny
гуров,0.9599502528442154,Npmsgy
маленков,0.9599502528442154,Npmsny
зюганов,0.9599498186762938,Npmsay
тома,0.9599498186762938,Npfsny
наталия,0.9599498186762938,Npfsny
гумилев,0.9599498186762938,Npmsny
гришка,0.9599493845079379,Npmsny
мартынов,0.9599489503391481,Npmsny
аксенов,0.9599489503391481,Npmsny
джеймс,0.9599485161699235,Npmsny
катька,0.9599485161699235,Npfsny
пасть,0.9599480820002655,Npmsny
берия,0.9599480820002655,Npmsgy
дроздов,0.9599480820002655,Npmsny
шурочка,0.9599480820002655,Npcsny
максим,0.9599480820002655,Npmsay
прохоров,0.9599476478301736,Npmsny
рома,0.9599476478301736,Npmsny
герцен,0.9599476478301736,Npmsgy
степан,0.9599476478301736,Npmsgy
черномырдин,0.959947213659647,Npmsgy
лена,0.959947213659647,Npfsgy
модест,0.959947213659647,Npmsny
сильвия,0.9599467794886869,Npfsny
элла,0.9599467794886869,Npfsny
симон,0.9599467794886869,Npmsny
володя,0.9599467794886869,Npmsiy
марфа,0.9599463453172925,Npfsny
гинзбург,0.9599463453172925,Npmsny
роман,0.9599463453172925,Npmsgy
чезар,0.9599463453172925,Npmsny
мишель,0.9599463453172925,Npmsny
михалков,0.9599459111454642,Npmsny
васенька,0.9599459111454642,Npmsny
савелий,0.9599459111454642,Npmsgy
настя,0.9599459111454642,Npfsgy
надька,0.9599459111454642,Npfsny
серафима,0.9599459111454642,Npfsny
зверев,0.9599454769732017,Npmsny
вайс,0.9599454769732017,Npmsgy
харитонов,0.9599454769732017,Npmsny
вайс,0.9599450428005056,Npmsdy
микоян,0.9599450428005056,Npmsny
выготского,0.9599450428005056,Npmsgy
адам,0.9599450428005056,Npmsgy
романов,0.9599446086273749,Npmsny
белый,0.9599446086273749,Npmsny
барсуков,0.9599446086273749,Npmsny
пушкин,0.9628986407230835,Npm
вознесенский,0.9599441744538102,Npmsny
вадик,0.9599441744538102,Npmsny
тургенев,0.9599441744538102,Npmsgy
Карамзин,0.9599441744538102,Npm--y
